{"cameraMode":{"drawMode":0,"name":"Shaded","section":"Shading Mode"},"sceneLighting":true,"audioPlay":false,"sceneViewState":{"m_AlwaysRefresh":false,"showFog":true,"showSkybox":true,"showFlares":true,"showImageEffects":true,"showParticleSystems":true,"showVisualEffectGraphs":true,"m_FxEnabled":true},"in2DMode":false,"pivot":{"x":-65.19570922851563,"y":-216.71311950683595,"z":-198.7059783935547},"rotation":{"x":-0.3212087154388428,"y":0.0005849015433341265,"z":-0.00020854042668361217,"w":-0.9470280408859253},"size":855.8689575195313,"orthographic":false}