{"cameraMode":{"drawMode":0,"name":"Shaded","section":"Shading Mode"},"sceneLighting":false,"audioPlay":false,"sceneViewState":{"m_AlwaysRefresh":false,"showFog":true,"showSkybox":false,"showFlares":true,"showImageEffects":true,"showParticleSystems":true,"showVisualEffectGraphs":true,"m_FxEnabled":true},"in2DMode":false,"pivot":{"x":-0.6578006744384766,"y":10.267866134643555,"z":0.24029827117919923},"rotation":{"x":0.0276228915899992,"y":-0.9716065526008606,"z":0.14535361528396607,"w":0.18463948369026185},"size":10.530156135559082,"orthographic":true}