{"cameraMode":{"drawMode":0,"name":"Shaded","section":"Shading Mode"},"sceneLighting":false,"audioPlay":false,"sceneViewState":{"m_AlwaysRefresh":false,"showFog":true,"showSkybox":false,"showFlares":true,"showImageEffects":true,"showParticleSystems":true,"showVisualEffectGraphs":true,"m_FxEnabled":false},"in2DMode":false,"pivot":{"x":-0.14290356636047364,"y":5.797325134277344,"z":0.4365975260734558},"rotation":{"x":-0.011925981380045414,"y":0.957969069480896,"z":-0.28378474712371828,"w":-0.04025837779045105},"size":5.878706455230713,"orthographic":true}