{"cameraMode":{"drawMode":0,"name":"Shaded","section":"Shading Mode"},"sceneLighting":false,"audioPlay":false,"sceneViewState":{"m_AlwaysRefresh":false,"showFog":true,"showSkybox":false,"showFlares":true,"showImageEffects":true,"showParticleSystems":true,"showVisualEffectGraphs":true,"m_FxEnabled":true},"in2DMode":false,"pivot":{"x":-0.6578006744384766,"y":10.267866134643555,"z":0.24029827117919923},"rotation":{"x":0.2009992152452469,"y":-0.03378836438059807,"z":0.006937223952263594,"w":0.9789840579032898},"size":15.936921119689942,"orthographic":true}