{"cameraMode":{"drawMode":0,"name":"Shaded","section":"Shading Mode"},"sceneLighting":false,"audioPlay":false,"sceneViewState":{"m_AlwaysRefresh":false,"showFog":true,"showSkybox":false,"showFlares":true,"showImageEffects":true,"showParticleSystems":true,"showVisualEffectGraphs":true,"m_FxEnabled":true},"in2DMode":false,"pivot":{"x":-12.793136596679688,"y":16.486799240112306,"z":-120.16558074951172},"rotation":{"x":-0.0013773931423202158,"y":-0.9703890085220337,"z":0.2414836883544922,"w":-0.005535027012228966},"size":6.422423839569092,"orthographic":false}